{
	"type":"Live2D Physics",
	"physics_hair":[
		{
			"label":"腕1左幣ゆれ",
			"setup":{
				"length":0.2,
				"regist":0.7,
				"mass":0.3
			},
			"src":[
				{
					"id":"PARAM_BODY_ANGLE_Z",
					"ptype":"x",
					"scale":0.01,
					"weight":0.5
				},
				{
					"id":"PARAM_ARM_L",
					"ptype":"x",
					"scale":0.01,
					"weight":1
				}
			],
			"targets":[
				{
					"id":"PARAM_ACC1L",
					"ptype":"angle",
					"scale":0.05,
					"weight":1
				}
			]
		},
		{
			"label":"腕1右幣ゆれ",
			"setup":{
				"length":0.2,
				"regist":0.7,
				"mass":0.3
			},
			"src":[
				{
					"id":"PARAM_BODY_ANGLE_Z",
					"ptype":"x",
					"scale":0.01,
					"weight":0.5
				},
				{
					"id":"PARAM_ARM_R",
					"ptype":"x",
					"scale":0.01,
					"weight":1
				}
			],
			"targets":[
				{
					"id":"PARAM_ACC1R",
					"ptype":"angle",
					"scale":0.05,
					"weight":1
				}
			]
		},
		{
			"label":"腕2左幣ゆれ",
			"setup":{
				"length":0.2,
				"regist":0.7,
				"mass":0.3
			},
			"src":[
				{
					"id":"PARAM_BODY_ANGLE_Z",
					"ptype":"x",
					"scale":0.01,
					"weight":0.5
				},
				{
					"id":"PARAM_ARM_L",
					"ptype":"x",
					"scale":0.01,
					"weight":1
				}
			],
			"targets":[
				{
					"id":"PARAM_ACC2L",
					"ptype":"angle",
					"scale":0.05,
					"weight":1
				}
			]
		},
		{
			"label":"腕2右幣ゆれ",
			"setup":{
				"length":0.2,
				"regist":0.7,
				"mass":0.3
			},
			"src":[
				{
					"id":"PARAM_BODY_ANGLE_Z",
					"ptype":"x",
					"scale":0.01,
					"weight":0.5
				},
				{
					"id":"PARAM_ARM_R",
					"ptype":"x",
					"scale":0.01,
					"weight":1
				}
			],
			"targets":[
				{
					"id":"PARAM_ACC2R",
					"ptype":"angle",
					"scale":0.05,
					"weight":1
				}
			]
		}
	]
}