{
	"type":"Live2D Physics",
	"physics_hair":[
		{
			"setup":{
				"length":2,
				"regist":10,
				"mass":10
			},
			"src":[
				{
					"id":"PARAM_HAIR_FRONT",
					"ptype":"x",
					"scale":2,
					"weight":0.5
				},
				{
					"id":"PARAM_HAIR_SIDE",
					"ptype":"x",
					"scale":1,
					"weight":1
				},
				{
					"id":"PARAM_HAIR_BACK",
					"ptype":"angle",
					"scale":1,
					"weight":0.5
				},
				{
					"id":"PARAM_BODY_ANGLE_X",
					"ptype":"angle",
					"scale":1,
					"weight":1
				}
			],
			"targets":[
			]
		}
	]
}