{
	"type":"Live2D Pose",
	"fade_in":1,
	"parts_visible":[
		{
			"group":[
				{"id":"PARTS_01_EYE_002"},
				{"id":"PARTS_01_EYE_003"},
				{"id":"PARTS_01_EYE_004"},
				{
					"id":"PARTS_01_EYE_001",
					"link":[
						"PARTS_02_EYE_001",
						"PARTS_05_EYE_001",
						"PARTS_04_EYE_001",
						"PARTS_03_EYE_001"
					]
				}
			]
		},
		{
			"group":[
				{
					"id":"PARTS_01_ARMS_001",
					"link":[
						"PARTS_02_ARMS_001",
						"PARTS_05_ARMS_001",
						"PARTS_04_ARMS_001",
						"PARTS_03_ARMS_001"
					]
				},
				{
					"id":"PARTS_01_ARMS_002",
					"link":[
						"PARTS_02_ARMS_002",
						"PARTS_04_ARMS_002",
						"PARTS_05_ARMS_002",
						"PARTS_03_ARMS_002"
					]
				}
			]
		}
	]
}