{
	"version":"Sample 1.0.0",
	"model":"moc/model.moc",
	"textures":[
		"moc/model.2048/texture_00.png",
		"moc/model.2048/texture_01.png",
		"moc/model.2048/texture_02.png",
		"moc/model.2048/texture_03.png",
		"moc/model.2048/texture_04.png",
		"moc/model.2048/texture_05.png",
		"moc/model.2048/texture_06.png"
	],
	"motions":{
		"idle":[
			{"file":"mtn/A_00_idle.mtn"}
		],
		"":[
			{"file":"mtn/A_02.mtn"},
			{"file":"mtn/A_03.mtn"},
			{"file":"mtn/A_04.mtn"},
			{"file":"mtn/A_05.mtn"},
			{"file":"mtn/A_01.mtn"}
		]
	}
}