{
	"type":"Live2D Physics",
	"physics_hair":[
		{
			"label":"ACC",
			"setup":{
				"length":0.2,
				"regist":0.2,
				"mass":0.3
			},
			"src":[
				{
					"id":"PARAM_BODY_ANGLE_Z",
					"ptype":"angle",
					"scale":2.4,
					"weight":0.5
				},
				{
					"id":"PARAM_ANGLE_Z",
					"ptype":"angle",
					"scale":0.8,
					"weight":1
				}
			],
			"targets":[
				{
					"id":"PARAM_ACC",
					"ptype":"angle",
					"scale":0.01,
					"weight":1
				}
			]
		},
		{
			"label":"hair_front",
			"setup":{
				"length":0.3,
				"regist":0.5,
				"mass":0.1
			},
			"src":[
				{
					"id":"PARAM_BODY_ANGLE_Z",
					"ptype":"angle",
					"scale":2.4,
					"weight":0.5
				},
				{
					"id":"PARAM_ANGLE_Z",
					"ptype":"angle",
					"scale":0.8,
					"weight":1
				}
			],
			"targets":[
				{
					"id":"PARAM_HAIR_FRONT",
					"ptype":"angle",
					"scale":0.025,
					"weight":1
				}
			]
		},
		{
			"label":"hair_roll",
			"setup":{
				"length":0.5,
				"regist":0.5,
				"mass":0.4
			},
			"src":[
				{
					"id":"PARAM_BODY_ANGLE_Z",
					"ptype":"angle",
					"scale":2.4,
					"weight":0.5
				},
				{
					"id":"PARAM_ANGLE_Z",
					"ptype":"angle",
					"scale":0.8,
					"weight":2
				}
			],
			"targets":[
				{
					"id":"PARAM_HAIR_ROLL",
					"ptype":"angle",
					"scale":0.02,
					"weight":1
				}
			]
		},
		{
			"label":"ACC2",
			"setup":{
				"length":0.2,
				"regist":0.5,
				"mass":0.3
			},
			"src":[
				{
					"id":"PARAM_BODY_ANGLE_Z",
					"ptype":"angle",
					"scale":1.2,
					"weight":1
				}
			],
			"targets":[
				{
					"id":"PARAM_ACC_2",
					"ptype":"angle",
					"scale":1,
					"weight":0.025
				}
			]
		}
	]
}