{
	"type":"Live2D Physics",
	"physics_hair":[
		{
			"label":"ACC",
			"setup":{
				"length":0.2,
				"regist":0.2,
				"mass":0.3
			},
			"src":[
				{
					"id":"PARAM_BODY_ANGLE_Z",
					"ptype":"angle",
					"scale":2.4,
					"weight":0.5
				},
				{
					"id":"PARAM_ANGLE_Z",
					"ptype":"angle",
					"scale":1.2,
					"weight":1
				}
			],
			"targets":[
				{
					"id":"PARAM_ACC",
					"ptype":"angle",
					"scale":0.01,
					"weight":1
				}
			]
		}
	]
}