{
	"version":"Sample 1.0.0",
	"model":"hibiki.moc",
	"textures":[
		"hibiki.2048/texture_00.png"
	],
	"motions":{
		"null":[
			{
				"file":"motions/hibiki_01.mtn",
				"sound":"sounds/hibiki_01.mp3"
			},
			{
				"file":"motions/hibiki_02.mtn",
				"sound":"sounds/hibiki_02.mp3"
			},
			{
				"file":"motions/hibiki_03.mtn",
				"sound":"sounds/hibiki_03.mp3"
			},
			{
				"file":"motions/hibiki_04.mtn",
				"sound":"sounds/hibiki_04.mp3"
			},
			{
				"file":"motions/hibiki_05.mtn",
				"sound":"sounds/hibiki_05.mp3"
			}
		],
		"idle":[
			{
				"file":"motions/idle_01.mtn"
			},
			{
				"file":"motions/idle_02.mtn"
			},
			{
				"file":"motions/idle_03.mtn"
			},
			{
				"file":"motions/idle_04.mtn"
			}
		]
	},
	"expressions":[
		{"name":"f01.mtn","file":"expressions/f01.exp.json"},
		{"name":"f02.mtn","file":"expressions/f02.exp.json"},
		{"name":"f03.mtn","file":"expressions/f03.exp.json"},
		{"name":"f04.mtn","file":"expressions/f04.exp.json"},
		{"name":"f05.mtn","file":"expressions/f05.exp.json"},
		{"name":"f06.mtn","file":"expressions/f06.exp.json"}
	],
	"physics":"hibiki.physics.json"
}