{
	"type":"Live2D Expression",
	"fade_in":500,
	"fade_out":500,
	"params":[
		{"id":"PARAM_EYE_L_OPEN","val":2,"calc":"mult"},
		{"id":"PARAM_EYE_R_OPEN","val":2,"calc":"mult"},
		{"id":"PARAM_EYE_BALL_Y","val":0,"def":-0.5},
		{"id":"PARAM_EYE_BALL_FORM","val":0,"def":1},
		{"id":"PARAM_BROW_L_Y","val":1},
		{"id":"PARAM_BROW_R_Y","val":1},
		{"id":"PARAM_BROW_L_X","val":0.5},
		{"id":"PARAM_BROW_R_X","val":0.5},
		{"id":"PARAM_MOUTH_FORM","val":0,"def":1},
		{"id":"PARAM_MOUTH_OPEN_Y","val":1},
		{"id":"PARAM_CHEEK1","val":0,"def":0.5},
		{"id":"PARAM_CHEEK2","val":1},
		{"id":"PARAM_HAIR_AHO","val":-1},
		{"id":"PARAM_HAIR_TAIR","val":1}
	]
}