{
	"type":"Live2D Expression",
	"fade_in":500,
	"fade_out":500,
	"params":[
		{"id":"PARAM_EYE_L_OPEN","val":0.8,"calc":"mult"},
		{"id":"PARAM_EYE_L_SMILE","val":1},
		{"id":"PARAM_EYE_R_OPEN","val":0.8,"calc":"mult"},
		{"id":"PARAM_EYE_R_SMILE","val":1},
		{"id":"PARAM_EYE_BALL_X","val":1},
		{"id":"PARAM_EYE_BALL_Y","val":-1,"def":-0.5},
		{"id":"PARAM_BROW_L_ANGLE","val":-0.4},
		{"id":"PARAM_BROW_R_ANGLE","val":-0.4},
		{"id":"PARAM_BROW_L_FORM","val":-0.6},
		{"id":"PARAM_BROW_R_FORM","val":-0.6},
		{"id":"PARAM_MOUTH_FORM","val":-1},
		{"id":"PARAM_CHEEK1","val":1,"def":0.5},
		{"id":"PARAM_HAIR_AHO","val":1}
	]
}